[{"pos_x": 197.106, "pos_y": -66.048, "rotation": 0.0, "side": "top", "designator": "Q3", "mpn": null, "pack": "TO-92_Inline", "value": "MPSA42", "mount_type": "tht"}, {"pos_x": 164.5, "pos_y": -54.3, "rotation": -90.0, "side": "top", "designator": "M1", "mpn": null, "pack": "1364_HV", "value": "1364_HV", "mount_type": "tht"}, {"pos_x": 162.75, "pos_y": -72.0, "rotation": -90.0, "side": "top", "designator": "R2", "mpn": null, "pack": "R_Axial_DIN0207_L6.3mm_D2.5mm_P7.62mm_Horizontal", "value": "47K", "mount_type": "tht"}, {"pos_x": 191.25, "pos_y": -60.75, "rotation": 90.0, "side": "top", "designator": "R17", "mpn": null, "pack": "R_Axial_DIN0207_L6.3mm_D2.5mm_P7.62mm_Horizontal", "value": "135", "mount_type": "tht"}, {"pos_x": 203.4, "pos_y": -70.8, "rotation": 0.0, "side": "top", "designator": "R8", "mpn": null, "pack": "R_Axial_DIN0207_L6.3mm_D2.5mm_P7.62mm_Horizontal", "value": "24K", "mount_type": "tht"}, {"pos_x": 149.44, "pos_y": -61.5, "rotation": 0.0, "side": "top", "designator": "R1", "mpn": null, "pack": "R_Axial_DIN0207_L6.3mm_D2.5mm_P7.62mm_Horizontal", "value": "47K", "mount_type": "tht"}, {"pos_x": 135.75, "pos_y": -55.75, "rotation": -90.0, "side": "top", "designator": "U1", "mpn": null, "pack": "WEMOS_D1_mini_light", "value": "WeMos_D1_mini", "mount_type": "tht"}, {"pos_x": 212.19, "pos_y": -67.0, "rotation": 0.0, "side": "top", "designator": "R12", "mpn": null, "pack": "R_Axial_DIN0207_L6.3mm_D2.5mm_P7.62mm_Horizontal", "value": "1M", "mount_type": "tht"}, {"pos_x": 213.6, "pos_y": -77.9, "rotation": 0.0, "side": "top", "designator": "D1", "mpn": null, "pack": "R_Axial_DIN0207_L6.3mm_D2.5mm_P7.62mm_Horizontal", "value": "D_Zener", "mount_type": "tht"}, {"pos_x": 197.106, "pos_y": -60.548, "rotation": 0.0, "side": "top", "designator": "Q2", "mpn": null, "pack": "TO-92_Inline", "value": "MPSA42", "mount_type": "tht"}, {"pos_x": 152.0, "pos_y": -79.25, "rotation": 0.0, "side": "top", "designator": "R3", "mpn": null, "pack": "R_Axial_DIN0207_L6.3mm_D2.5mm_P7.62mm_Horizontal", "value": "47K", "mount_type": "tht"}, {"pos_x": 149.44, "pos_y": -54.5, "rotation": 0.0, "side": "top", "designator": "R6", "mpn": null, "pack": "R_Axial_DIN0207_L6.3mm_D2.5mm_P7.62mm_Horizontal", "value": "47K", "mount_type": "tht"}, {"pos_x": 161.5, "pos_y": -55.0, "rotation": -90.0, "side": "top", "designator": "R4", "mpn": null, "pack": "R_Axial_DIN0207_L6.3mm_D2.5mm_P7.62mm_Horizontal", "value": "47K", "mount_type": "tht"}, {"pos_x": 197.13, "pos_y": -76.8, "rotation": 0.0, "side": "top", "designator": "Q5", "mpn": null, "pack": "TO-92_Inline", "value": "MPSA42", "mount_type": "tht"}, {"pos_x": 212.19, "pos_y": -64.0, "rotation": 0.0, "side": "top", "designator": "R15", "mpn": null, "pack": "R_Axial_DIN0207_L6.3mm_D2.5mm_P7.62mm_Horizontal", "value": "100K", "mount_type": "tht"}, {"pos_x": 197.1, "pos_y": -55.7, "rotation": 0.0, "side": "top", "designator": "Q1", "mpn": null, "pack": "TO-92_Inline", "value": "MPSA42", "mount_type": "tht"}, {"pos_x": 212.19, "pos_y": -61.0, "rotation": 0.0, "side": "top", "designator": "R11", "mpn": null, "pack": "R_Axial_DIN0207_L6.3mm_D2.5mm_P7.62mm_Horizontal", "value": "100K", "mount_type": "tht"}, {"pos_x": 212.19, "pos_y": -58.0, "rotation": 0.0, "side": "top", "designator": "R14", "mpn": null, "pack": "R_Axial_DIN0207_L6.3mm_D2.5mm_P7.62mm_Horizontal", "value": "100K", "mount_type": "tht"}, {"pos_x": 197.13, "pos_y": -71.36, "rotation": 0.0, "side": "top", "designator": "Q4", "mpn": null, "pack": "TO-92_Inline", "value": "MPSA42", "mount_type": "tht"}, {"pos_x": 149.5, "pos_y": -58.25, "rotation": 0.0, "side": "top", "designator": "R5", "mpn": null, "pack": "R_Axial_DIN0207_L6.3mm_D2.5mm_P7.62mm_Horizontal", "value": "47K", "mount_type": "tht"}, {"pos_x": 213.566, "pos_y": -74.0, "rotation": 0.0, "side": "top", "designator": "R16", "mpn": null, "pack": "R_Axial_DIN0207_L6.3mm_D2.5mm_P7.62mm_Horizontal", "value": "100K", "mount_type": "tht"}, {"pos_x": 224.75, "pos_y": -58.25, "rotation": 0.0, "side": "top", "designator": "J1", "mpn": null, "pack": "PinHeader_1x08_P2.54mm_Horizontal", "value": "Conn_01x08_Female", "mount_type": "tht"}, {"pos_x": 203.3, "pos_y": -74.7, "rotation": 0.0, "side": "top", "designator": "R13", "mpn": null, "pack": "R_Axial_DIN0207_L6.3mm_D2.5mm_P7.62mm_Horizontal", "value": "36K", "mount_type": "tht"}, {"pos_x": 205.9, "pos_y": -64.0, "rotation": 0.0, "side": "top", "designator": "Q6", "mpn": null, "pack": "TO-92_Inline", "value": "MPSA42", "mount_type": "tht"}, {"pos_x": 219.826, "pos_y": -55.0, "rotation": 180.0, "side": "top", "designator": "R10", "mpn": null, "pack": "R_Axial_DIN0207_L6.3mm_D2.5mm_P7.62mm_Horizontal", "value": "36K", "mount_type": "tht"}, {"pos_x": 202.376, "pos_y": -55.0, "rotation": 0.0, "side": "top", "designator": "R7", "mpn": null, "pack": "R_Axial_DIN0207_L6.3mm_D2.5mm_P7.62mm_Horizontal", "value": "24K", "mount_type": "tht"}, {"pos_x": 210.9, "pos_y": -78.8, "rotation": 180.0, "side": "top", "designator": "R9", "mpn": null, "pack": "R_Axial_DIN0207_L6.3mm_D2.5mm_P7.62mm_Horizontal", "value": "33K", "mount_type": "tht"}]